{"assets/fonts/Ubuntu-Bold.ttf":["assets/fonts/Ubuntu-Bold.ttf"],"assets/fonts/Ubuntu-Regular.ttf":["assets/fonts/Ubuntu-Regular.ttf"],"assets/html/signature.txt":["assets/html/signature.txt"],"assets/images/volt_logo_purple.svg":["assets/images/volt_logo_purple.svg"],"packages/flex_color_picker/assets/opacity.png":["packages/flex_color_picker/assets/opacity.png"],"packages/flutter_inappwebview/t_rex_runner/t-rex.css":["packages/flutter_inappwebview/t_rex_runner/t-rex.css"],"packages/flutter_inappwebview/t_rex_runner/t-rex.html":["packages/flutter_inappwebview/t_rex_runner/t-rex.html"],"packages/html_editor_enhanced/assets/font/summernote.eot":["packages/html_editor_enhanced/assets/font/summernote.eot"],"packages/html_editor_enhanced/assets/font/summernote.ttf":["packages/html_editor_enhanced/assets/font/summernote.ttf"],"packages/html_editor_enhanced/assets/font/summernote.woff":["packages/html_editor_enhanced/assets/font/summernote.woff"],"packages/html_editor_enhanced/assets/font/summernote.woff2":["packages/html_editor_enhanced/assets/font/summernote.woff2"],"packages/html_editor_enhanced/assets/plugins/summernote-at-mention/summernote-at-mention.js":["packages/html_editor_enhanced/assets/plugins/summernote-at-mention/summernote-at-mention.js"],"packages/html_editor_enhanced/jquery.min.js":["packages/html_editor_enhanced/assets/jquery.min.js"],"packages/html_editor_enhanced/summernote-lite-dark.css":["packages/html_editor_enhanced/assets/summernote-lite-dark.css"],"packages/html_editor_enhanced/summernote-lite.min.css":["packages/html_editor_enhanced/assets/summernote-lite.min.css"],"packages/html_editor_enhanced/summernote-lite.min.js":["packages/html_editor_enhanced/assets/summernote-lite.min.js"],"packages/html_editor_enhanced/summernote-no-plugins.html":["packages/html_editor_enhanced/assets/summernote-no-plugins.html"],"packages/html_editor_enhanced/summernote.html":["packages/html_editor_enhanced/assets/summernote.html"]}